<?xml version="1.0" standalone="yes"?>
<tree>
	<entity id="e11" key-id="1" link-page-name="Add_Item">
		<description>Service</description>
		<image>images/plus.gif</image>
		<imageNode>images/de.gif</imageNode>
		<imageOpen>images/minus.gif</imageOpen>
		<entity id="e248" key-id="48" link-page-name="Add_SubItem">
			<description>A_test1_test1</description>
			<image>images/plus.gif</image>
			<imageNode>images/de.gif</imageNode>
			<imageOpen>images/minus.gif</imageOpen>
			<entity id="e3717" key-id="717" link-page-name="Edit_SubItem">
				<description>A_SubItem1</description>
				<image>images/plus.gif</image>
				<imageNode>images/de.gif</imageNode>
				<imageOpen>images/minus.gif</imageOpen>
				<entity id="e45546" key-id="5546" link-page-name="Edit_ItemTemplate">
					<description>A_Test_Template</description>
					<image>images/paper.gif</image>
					<imageOpen>images/paper.gif</imageOpen>
				</entity>
			</entity>
		</entity>
		<entity id="e21" key-id="1" link-page-name="Add_SubItem">
			<description>Checking</description>
			<image>images/plus.gif</image>
			<imageNode>images/de.gif</imageNode>
			<imageOpen>images/minus.gif</imageOpen>
			<entity id="e3606" key-id="606" link-page-name="Edit_SubItem">
				<description>Categories</description>
				<image>images/plus.gif</image>
				<imageNode>images/de.gif</imageNode>
				<imageOpen>images/minus.gif</imageOpen>
				<entity id="e45112" key-id="5112" link-page-name="Edit_ItemTemplate">
					<description>All states</description>
					<image>images/paper.gif</image>
					<imageOpen>images/paper.gif</imageOpen>
				</entity>
			</entity>
			<entity id="e3382" key-id="382" link-page-name="Edit_SubItem">
				<description>Advan</description>
				<image>images/plus.gif</image>
				<imageNode>images/de.gif</imageNode>
				<imageOpen>images/minus.gif</imageOpen>
				<entity id="e43157" key-id="3157" link-page-name="Edit_ItemTemplate">
					<description>States</description>
					<image>images/paper.gif</image>
					<imageOpen>images/paper.gif</imageOpen>
				</entity>
			</entity>
			<entity id="e247" key-id="47" link-page-name="Add_SubItem">
				<description>A_test6</description>
				<image>images/plus.gif</image>
				<imageNode>images/de.gif</imageNode>
				<imageOpen>images/minus.gif</imageOpen>
				<entity id="e3716" key-id="716" link-page-name="Edit_SubItem">
					<description>A_Item</description>
					<image>images/plus.gif</image>
					<imageNode>images/de.gif</imageNode>
					<imageOpen>images/minus.gif</imageOpen>
					<entity id="e45545" key-id="5545" link-page-name="Edit_ItemTemplate">
						<description>temp1</description>
						<image>images/paper.gif</image>
						<imageOpen>images/paper.gif</imageOpen>
					</entity>
				</entity>
			</entity>

		</entity>
	</entity>
	<entity id="e12" key-id="2" link-page-name="Add_Item">
		<description>Sales</description>
		<image>images/plus.gif</image>
		<imageNode>images/de.gif</imageNode>
		<imageOpen>images/minus.gif</imageOpen>
		<entity id="e230" key-id="30" link-page-name="Add_SubItem">
			<description>Gift Cards</description>
			<image>images/plus.gif</image>
			<imageNode>images/de.gif</imageNode>
			<imageOpen>images/minus.gif</imageOpen>
			<entity id="e3421" key-id="421" link-page-name="Edit_SubItem">
				<description>Sample Card</description>
				<image>images/plus.gif</image>
				<imageNode>images/de.gif</imageNode>
				<imageOpen>images/minus.gif</imageOpen>
				<entity id="e43308" key-id="3308" link-page-name="Edit_ItemTemplate">
					<description>greeting temp</description>
					<image>images/paper.gif</image>
					<imageOpen>images/paper.gif</imageOpen>
				</entity>
			</entity>
			<entity id="e3422" key-id="422" link-page-name="Edit_SubItem">
				<description>De Card</description>
				<image>images/plus.gif</image>
				<imageNode>images/de.gif</imageNode>
				<imageOpen>images/minus.gif</imageOpen>
				<entity id="e43309" key-id="3309" link-page-name="Edit_ItemTemplate">
					<description>NS Temp</description>
					<image>images/paper.gif</image>
					<imageOpen>images/paper.gif</imageOpen>
				</entity>
			</entity>
	
		</entity>
		<entity id="e215" key-id="15" link-page-name="Add_SubItem">
			<description>Chck</description>
			<image>images/plus.gif</image>
			<imageNode>images/de.gif</imageNode>
			<imageOpen>images/minus.gif</imageOpen>
			<entity id="e3671" key-id="671" link-page-name="Edit_SubItem">
				<description>Add item</description>
				<image>images/plus.gif</image>
				<imageNode>images/de.gif</imageNode>
				<imageOpen>images/minus.gif</imageOpen>
				<entity id="e45438" key-id="5438" link-page-name="Edit_ItemTemplate">
					<description>Ahhhh</description>
					<image>images/paper.gif</image>
					<imageOpen>images/paper.gif</imageOpen>
				</entity>
			</entity>
			<entity id="e3450" key-id="450" link-page-name="Edit_SubItem">
				<description>Advtttt</description>
				<image>images/plus.gif</image>
				<imageNode>images/de.gif</imageNode>
				<imageOpen>images/minus.gif</imageOpen>
				<entity id="e43577" key-id="3577" link-page-name="Edit_ItemTemplate">
					<description>gggggg</description>
					<image>images/paper.gif</image>
					<imageOpen>images/paper.gif</imageOpen>
				</entity>
		</entity>
		</entity>		

	</entity>
</tree>